{
  "id": "1382324",
  "name": "伊人交友",
  "font_family": "iconfont",
  "css_prefix_text": "icon",
  "description": "",
  "glyphs": [
    {
      "icon_id": "3050508",
      "name": "定位",
      "font_class": "location",
      "unicode": "e618",
      "unicode_decimal": 58904
    },
    {
      "icon_id": "6745351",
      "name": "大脑",
      "font_class": "danao1",
      "unicode": "e623",
      "unicode_decimal": 58915
    },
    {
      "icon_id": "10258933",
      "name": "user",
      "font_class": "user",
      "unicode": "e607",
      "unicode_decimal": 58887
    },
    {
      "icon_id": "13366688",
      "name": "帽子",
      "font_class": "maozi",
      "unicode": "e602",
      "unicode_decimal": 58882
    },
    {
      "icon_id": "10679296",
      "name": "boy-sel",
      "font_class": "boy-sel",
      "unicode": "e601",
      "unicode_decimal": 58881
    },
    {
      "icon_id": "10669284",
      "name": "男",
      "font_class": "man-sel",
      "unicode": "eb95",
      "unicode_decimal": 60309
    },
    {
      "icon_id": "680963",
      "name": "心",
      "font_class": "xin-o",
      "unicode": "e711",
      "unicode_decimal": 59153
    },
    {
      "icon_id": "689320",
      "name": "心2",
      "font_class": "xin",
      "unicode": "e82b",
      "unicode_decimal": 59435
    },
    {
      "icon_id": "772624",
      "name": "美颜-线性",
      "font_class": "meiyan",
      "unicode": "e659",
      "unicode_decimal": 58969
    },
    {
      "icon_id": "815878",
      "name": "选择-勾选",
      "font_class": "choosehandle",
      "unicode": "e619",
      "unicode_decimal": 58905
    },
    {
      "icon_id": "816606",
      "name": "返回",
      "font_class": "fanhui",
      "unicode": "e63b",
      "unicode_decimal": 58939
    },
    {
      "icon_id": "841002",
      "name": "编辑",
      "font_class": "bianji",
      "unicode": "e66d",
      "unicode_decimal": 58989
    },
    {
      "icon_id": "870773",
      "name": "女",
      "font_class": "tanhuanv",
      "unicode": "e68b",
      "unicode_decimal": 59019
    },
    {
      "icon_id": "870801",
      "name": "男",
      "font_class": "tanhuanan",
      "unicode": "e68d",
      "unicode_decimal": 59021
    },
    {
      "icon_id": "887969",
      "name": "喜欢",
      "font_class": "xihuan",
      "unicode": "e634",
      "unicode_decimal": 58932
    },
    {
      "icon_id": "1008561",
      "name": "文件",
      "font_class": "wenjian",
      "unicode": "e68f",
      "unicode_decimal": 59023
    },
    {
      "icon_id": "1013888",
      "name": "客服",
      "font_class": "service",
      "unicode": "e7bb",
      "unicode_decimal": 59323
    },
    {
      "icon_id": "1071083",
      "name": "点赞2",
      "font_class": "dianzan",
      "unicode": "e686",
      "unicode_decimal": 59014
    },
    {
      "icon_id": "1111314",
      "name": "语音",
      "font_class": "tanhuayuyin",
      "unicode": "e632",
      "unicode_decimal": 58930
    },
    {
      "icon_id": "1200193",
      "name": "项目消息",
      "font_class": "tanhuaxiaoxi",
      "unicode": "e614",
      "unicode_decimal": 58900
    },
    {
      "icon_id": "1200231",
      "name": "筛选",
      "font_class": "shaixuan",
      "unicode": "e631",
      "unicode_decimal": 58929
    },
    {
      "icon_id": "1301393",
      "name": "语音",
      "font_class": "yuyinshuohuabao",
      "unicode": "e667",
      "unicode_decimal": 58983
    },
    {
      "icon_id": "1365963",
      "name": "开关 开",
      "font_class": "kaiguanclose",
      "unicode": "e66b",
      "unicode_decimal": 58987
    },
    {
      "icon_id": "1459146",
      "name": "焚烧类-pressed",
      "font_class": "yuehoujifen",
      "unicode": "e61b",
      "unicode_decimal": 58907
    },
    {
      "icon_id": "1526274",
      "name": "锁 1",
      "font_class": "suo",
      "unicode": "e657",
      "unicode_decimal": 58967
    },
    {
      "icon_id": "1554961",
      "name": "下拉",
      "font_class": "xiala",
      "unicode": "e617",
      "unicode_decimal": 58903
    },
    {
      "icon_id": "1642601",
      "name": "眼镜",
      "font_class": "shuikanguowo",
      "unicode": "e690",
      "unicode_decimal": 59024
    },
    {
      "icon_id": "1646234",
      "name": "搜索",
      "font_class": "sousuo",
      "unicode": "e611",
      "unicode_decimal": 58897
    },
    {
      "icon_id": "1703527",
      "name": "关闭",
      "font_class": "guanbi",
      "unicode": "e641",
      "unicode_decimal": 58945
    },
    {
      "icon_id": "1985085",
      "name": "点赞",
      "font_class": "dianzan-o",
      "unicode": "e65c",
      "unicode_decimal": 58972
    },
    {
      "icon_id": "2018142",
      "name": "图片 ",
      "font_class": "tupian",
      "unicode": "e606",
      "unicode_decimal": 58886
    },
    {
      "icon_id": "2076200",
      "name": "翻转镜头",
      "font_class": "fanzhuanjingtou",
      "unicode": "e872",
      "unicode_decimal": 59506
    },
    {
      "icon_id": "2155593",
      "name": "视频",
      "font_class": "tanhuashipin",
      "unicode": "e64e",
      "unicode_decimal": 58958
    },
    {
      "icon_id": "2742660",
      "name": "视频",
      "font_class": "shipin",
      "unicode": "e677",
      "unicode_decimal": 58999
    },
    {
      "icon_id": "2815738",
      "name": "笑脸",
      "font_class": "biaoqing",
      "unicode": "e600",
      "unicode_decimal": 58880
    },
    {
      "icon_id": "3050499",
      "name": "选中",
      "font_class": "selected",
      "unicode": "e60d",
      "unicode_decimal": 58893
    },
    {
      "icon_id": "3216521",
      "name": "成功",
      "font_class": "chenggong",
      "unicode": "e669",
      "unicode_decimal": 58985
    },
    {
      "icon_id": "3739987",
      "name": "男",
      "font_class": "man",
      "unicode": "e615",
      "unicode_decimal": 58901
    },
    {
      "icon_id": "3739988",
      "name": "女",
      "font_class": "nv",
      "unicode": "e616",
      "unicode_decimal": 58902
    },
    {
      "icon_id": "3861447",
      "name": "闹钟",
      "font_class": "naozhong",
      "unicode": "e61c",
      "unicode_decimal": 58908
    },
    {
      "icon_id": "4186786",
      "name": "语音",
      "font_class": "yuyin",
      "unicode": "e637",
      "unicode_decimal": 58935
    },
    {
      "icon_id": "4244923",
      "name": "036-互相关注",
      "font_class": "huxiangguanzhu",
      "unicode": "e60f",
      "unicode_decimal": 58895
    },
    {
      "icon_id": "4354245",
      "name": "工业组件-仪表盘",
      "font_class": "yibiaopan",
      "unicode": "eb94",
      "unicode_decimal": 60308
    },
    {
      "icon_id": "4409263",
      "name": "定位",
      "font_class": "dingwei-o",
      "unicode": "e620",
      "unicode_decimal": 58912
    },
    {
      "icon_id": "4409269",
      "name": "钱包",
      "font_class": "qianbao",
      "unicode": "e621",
      "unicode_decimal": 58913
    },
    {
      "icon_id": "4425823",
      "name": "加",
      "font_class": "jia",
      "unicode": "e794",
      "unicode_decimal": 59284
    },
    {
      "icon_id": "4867106",
      "name": "下拉",
      "font_class": "tanhuaxiala",
      "unicode": "e65b",
      "unicode_decimal": 58971
    },
    {
      "icon_id": "4933222",
      "name": "图片",
      "font_class": "tanhuatupian",
      "unicode": "e6f5",
      "unicode_decimal": 59125
    },
    {
      "icon_id": "4942642",
      "name": "更多",
      "font_class": "gengduo",
      "unicode": "e612",
      "unicode_decimal": 58898
    },
    {
      "icon_id": "5022335",
      "name": "评论",
      "font_class": "pinglun",
      "unicode": "e61e",
      "unicode_decimal": 58910
    },
    {
      "icon_id": "5330624",
      "name": "相机",
      "font_class": "xiangji",
      "unicode": "e7a5",
      "unicode_decimal": 59301
    },
    {
      "icon_id": "5387476",
      "name": "声音",
      "font_class": "shengyin",
      "unicode": "eae0",
      "unicode_decimal": 60128
    },
    {
      "icon_id": "5532901",
      "name": "设置",
      "font_class": "shezhi",
      "unicode": "e633",
      "unicode_decimal": 58931
    },
    {
      "icon_id": "6204096",
      "name": "失败",
      "font_class": "shibai",
      "unicode": "e60b",
      "unicode_decimal": 58891
    },
    {
      "icon_id": "6243596",
      "name": "人数",
      "font_class": "renshu",
      "unicode": "e61d",
      "unicode_decimal": 58909
    },
    {
      "icon_id": "6366905",
      "name": "客服",
      "font_class": "kefu",
      "unicode": "e610",
      "unicode_decimal": 58896
    },
    {
      "icon_id": "6446181",
      "name": "定位",
      "font_class": "dingwei",
      "unicode": "e638",
      "unicode_decimal": 58936
    },
    {
      "icon_id": "6615032",
      "name": "日期",
      "font_class": "riqi",
      "unicode": "e66a",
      "unicode_decimal": 58986
    },
    {
      "icon_id": "6749266",
      "name": "大脑",
      "font_class": "danao",
      "unicode": "e61f",
      "unicode_decimal": 58911
    },
    {
      "icon_id": "7532872",
      "name": "喜欢",
      "font_class": "xihuan-o",
      "unicode": "e665",
      "unicode_decimal": 58981
    },
    {
      "icon_id": "8019592",
      "name": "动态",
      "font_class": "dongtai",
      "unicode": "e613",
      "unicode_decimal": 58899
    },
    {
      "icon_id": "8103418",
      "name": "客服",
      "font_class": "tanhuakefu",
      "unicode": "e62f",
      "unicode_decimal": 58927
    },
    {
      "icon_id": "8492798",
      "name": "公告5",
      "font_class": "gonggao",
      "unicode": "e6ff",
      "unicode_decimal": 59135
    },
    {
      "icon_id": "9148965",
      "name": "通讯录",
      "font_class": "tongxunlu",
      "unicode": "e63a",
      "unicode_decimal": 58938
    },
    {
      "icon_id": "9371332",
      "name": "聊天",
      "font_class": "liaotian",
      "unicode": "e75e",
      "unicode_decimal": 59230
    },
    {
      "icon_id": "9915758",
      "name": "xiaoxi",
      "font_class": "xiaoxi",
      "unicode": "e608",
      "unicode_decimal": 58888
    },
    {
      "icon_id": "9916054",
      "name": "wode",
      "font_class": "tanhuawode",
      "unicode": "e609",
      "unicode_decimal": 58889
    },
    {
      "icon_id": "10096438",
      "name": "圈子",
      "font_class": "quanzi",
      "unicode": "e60a",
      "unicode_decimal": 58890
    },
    {
      "icon_id": "10098710",
      "name": "语音",
      "font_class": "yuyinshuohua",
      "unicode": "e60c",
      "unicode_decimal": 58892
    },
    {
      "icon_id": "10098770",
      "name": "添加",
      "font_class": "tianjia",
      "unicode": "e60e",
      "unicode_decimal": 58894
    },
    {
      "icon_id": "10138942",
      "name": "不喜欢",
      "font_class": "buxihuan",
      "unicode": "e61a",
      "unicode_decimal": 58906
    }
  ]
}
