{
    "xin-o": 59153,
    "xin": 59435,
    "meiyan": 58969,
    "choosehandle": 58905,
    "fanhui": 58939,
    "bianji": 58989,
    "tanhuanv": 59019,
    "tanhuanan": 59021,
    "xihuan": 58932,
    "wenjian": 59023,
    "service": 59323,
    "dianzan": 59014,
    "tanhuayuyin": 58930,
    "tanhuaxiaoxi": 58900,
    "shaixuan": 58929,
    "yuyinshuohuabao": 58983,
    "kaiguanclose": 58987,
    "yuehoujifen": 58907,
    "suo": 58967,
    "xiala": 58903,
    "shuikanguowo": 59024,
    "sousuo": 58897,
    "guanbi": 58945,
    "dianzan-o": 58972,
    "tupian": 58886,
    "fanzhuanjingtou": 59506,
    "tanhuashipin": 58958,
    "shipin": 58999,
    "biaoqing": 58880,
    "selected": 58893,
    "chenggong": 58985,
    "man": 58901,
    "nv": 58902,
    "naozhong": 58908,
    "yuyin": 58935,
    "huxiangguanzhu": 58895,
    "yibiaopan": 60308,
    "dingwei-o": 58912,
    "qianbao": 58913,
    "jia": 59284,
    "tanhuaxiala": 58971,
    "tanhuatupian": 59125,
    "gengduo": 58898,
    "pinglun": 58910,
    "xiangji": 59301,
    "shengyin": 60128,
    "shezhi": 58931,
    "shibai": 58891,
    "renshu": 58909,
    "kefu": 58896,
    "dingwei": 58936,
    "riqi": 58986,
    "danao": 58911,
    "xihuan-o": 58981,
    "dongtai": 58899,
    "tanhuakefu": 58927,
    "gonggao": 59135,
    "tongxunlu": 58938,
    "liaotian": 59230,
    "xiaoxi": 58888,
    "tanhuawode": 58889,
    "quanzi": 58890,
    "yuyinshuohua": 58892,
    "tianjia": 58894,
    "buxihuan": 58906,
    "man-sel": 60309,
    "boy-sel": 58881
}